T ,P_sat ,vol_f ,vol_g,h_f ,h_g ,mu_f ,k_f ,Pr_f,mu_g 
1.000000000000,657.078460000000,0.001000152200,192.454880000000,4176.622700000000,2502740.500000000000,0.001731108700,0.558889160000,13.060630000000,0.00000923947620
2.000000000000,705.968860000000,0.001000110500,179.775750000000,8391.732100000000,2504574.700000000000,0.001673627600,0.561399260000,12.561239000000,0.00000926317470
3.000000000000,758.054270000000,0.001000085900,168.027430000000,12603.852000000000,2506408.100000000000,0.001619134700,0.563857340000,12.091002000000,0.00000928711890
4.000000000000,813.512710000000,0.001000077800,157.135170000000,16813.199000000000,2508240.600000000000,0.001567423200,0.566265620000,11.647668000000,0.00000931130370
5.000000000000,872.530220000000,0.001000085600,147.030690000000,21019.976000000000,2510072.300000000000,0.001518303700,0.568626200000,11.229202000000,0.00000933572390
6.000000000000,935.301170000000,0.001000109000,137.651620000000,25224.370000000000,2511903.200000000000,0.001471603000,0.570941010000,10.833758000000,0.00000936037480
7.000000000000,1002.028500000000,0.001000147400,128.940890000000,29426.555000000000,2513733.200000000000,0.001427161700,0.573211870000,10.459657000000,0.00000938525150
8.000000000000,1072.923900000000,0.001000200400,120.846320000000,33626.692000000000,2515562.400000000000,0.001384833700,0.575440490000,10.105373000000,0.00000941034930
9.000000000000,1148.208400000000,0.001000267600,113.320120000000,37824.931000000000,2517390.600000000000,0.001344484400,0.577628440000,9.769513700000,0.00000943566370
10.000000000000,1228.112200000000,0.001000348500,106.318500000000,42021.414000000000,2519218.000000000000,0.001305989700,0.579777230000,9.450807000000,0.00000946119040
11.000000000000,1312.875300000000,0.001000443000,99.801350000000,46216.271000000000,2521044.400000000000,0.001269235300,0.581888240000,9.148089500000,0.00000948692490
12.000000000000,1402.747800000000,0.001000550400,93.731856000000,50409.624000000000,2522870.000000000000,0.001234115500,0.583962800000,8.860295400000,0.00000951286320
13.000000000000,1497.989800000000,0.001000670700,88.076245000000,54601.588000000000,2524694.500000000000,0.001200532600,0.586002110000,8.586446600000,0.00000953900110
14.000000000000,1598.872300000000,0.001000803400,82.803503000000,58792.269000000000,2526518.200000000000,0.001168396100,0.588007340000,8.325644500000,0.00000956533470
15.000000000000,1705.677000000000,0.001000948200,77.885135000000,62981.769000000000,2528340.800000000000,0.001137622100,0.589979560000,8.077061900000,0.00000959186000
16.000000000000,1818.696800000000,0.001001104900,73.294945000000,67170.181000000000,2530162.400000000000,0.001108132800,0.591919790000,7.839936900000,0.00000961857330
17.000000000000,1938.236000000000,0.001001273200,69.008838000000,71357.594000000000,2531983.000000000000,0.001079856000,0.593828980000,7.613566200000,0.00000964547090
18.000000000000,2064.610900000000,0.001001452900,65.004636000000,75544.091000000000,2533802.600000000000,0.001052724300,0.595708030000,7.397300300000,0.00000967254910
19.000000000000,2198.149900000000,0.001001643700,61.261921000000,79729.749000000000,2535621.100000000000,0.001026675200,0.597557790000,7.190538400000,0.00000969980430
20.000000000000,2339.193700000000,0.001001845300,57.761877000000,83914.641000000000,2537438.400000000000,0.001001650400,0.599379040000,6.992724000000,0.00000972723320
21.000000000000,2488.095900000000,0.001002057700,54.487160000000,88098.837000000000,2539254.700000000000,0.000977595560,0.601172530000,6.803341300000,0.00000975483240
22.000000000000,2645.223100000000,0.001002280500,51.421773000000,92282.402000000000,2541069.800000000000,0.000954459790,0.602938960000,6.621911200000,0.00000978259860
23.000000000000,2810.955400000000,0.001002513500,48.550952000000,96465.396000000000,2542883.700000000000,0.000932195670,0.604679000000,6.447989000000,0.00000981052840
24.000000000000,2985.686600000000,0.001002756600,45.861066000000,100647.880000000000,2544696.500000000000,0.000910758830,0.606393280000,6.281160500000,0.00000983861880
25.000000000000,3169.824500000000,0.001003009700,43.339524000000,104829.900000000000,2546507.900000000000,0.000890107700,0.608082370000,6.121040400000,0.00000986686670
26.000000000000,3363.791500000000,0.001003272400,40.974685000000,109011.520000000000,2548318.200000000000,0.000870203340,0.609746850000,5.967269300000,0.00000989526900
27.000000000000,3568.024600000000,0.001003544700,38.755786000000,113192.770000000000,2550127.100000000000,0.000851009260,0.611387220000,5.819511900000,0.00000992382270
28.000000000000,3782.976100000000,0.001003826400,36.672870000000,117373.720000000000,2551934.700000000000,0.000832491160,0.613003990000,5.677455200000,0.00000995252500
29.000000000000,4009.113400000000,0.001004117400,34.716717000000,121554.390000000000,2553740.900000000000,0.000814616870,0.614597630000,5.540806500000,0.00000998137300
30.000000000000,4246.919900000000,0.001004417400,32.878790000000,125734.840000000000,2555545.700000000000,0.000797356110,0.616168580000,5.409291600000,0.00001001036400
31.000000000000,4496.895200000000,0.001004726500,31.151179000000,129915.090000000000,2557349.100000000000,0.000780680420,0.617717270000,5.282654300000,0.00001003949500
32.000000000000,4759.555200000000,0.001005044300,29.526548000000,134095.200000000000,2559151.000000000000,0.000764563000,0.619244070000,5.160654000000,0.00001006876300
33.000000000000,5035.432700000000,0.001005370900,27.998096000000,138275.180000000000,2560951.400000000000,0.000748978570,0.620749380000,5.043065000000,0.00001009816700
34.000000000000,5325.077600000000,0.001005706100,26.559510000000,142455.080000000000,2562750.300000000000,0.000733903330,0.622233550000,4.929675700000,0.00001012770200
35.000000000000,5629.057400000000,0.001006049700,25.204931000000,146634.920000000000,2564547.600000000000,0.000719314800,0.623696920000,4.820286900000,0.00001015736700
36.000000000000,5947.957400000000,0.001006401700,23.928915000000,150814.740000000000,2566343.200000000000,0.000705191770,0.625139800000,4.714711300000,0.00001018716000
37.000000000000,6282.381100000000,0.001006762000,22.726404000000,154994.560000000000,2568137.200000000000,0.000691514160,0.626562510000,4.612773000000,0.00001021707700
38.000000000000,6632.950600000000,0.001007130400,21.592697000000,159174.420000000000,2569929.500000000000,0.000678263040,0.627965320000,4.514305700000,0.00001024711600
39.000000000000,7000.307000000000,0.001007506900,20.523419000000,163354.330000000000,2571720.100000000000,0.000665420460,0.629348530000,4.419153300000,0.00001027727600
40.000000000000,7385.110500000000,0.001007891300,19.514501000000,167534.330000000000,2573508.900000000000,0.000652969420,0.630712380000,4.327167900000,0.00001030755300
41.000000000000,7788.041000000000,0.001008283600,18.562154000000,171714.430000000000,2575295.800000000000,0.000640893850,0.632057130000,4.238210400000,0.00001033794500
42.000000000000,8209.798400000000,0.001008683700,17.662850000000,175894.660000000000,2577080.900000000000,0.000629178480,0.633383020000,4.152149100000,0.00001036845000
43.000000000000,8651.103000000000,0.001009091500,16.813301000000,180075.040000000000,2578864.000000000000,0.000617808850,0.634690260000,4.068859700000,0.00001039906700
44.000000000000,9112.695500000000,0.001009506900,16.010441000000,184255.590000000000,2580645.200000000000,0.000606771220,0.635979080000,3.988224500000,0.00001042979200
45.000000000000,9595.337800000000,0.001009929800,15.251413000000,188436.330000000000,2582424.400000000000,0.000596052550,0.637249690000,3.910132000000,0.00001046062300
46.000000000000,10099.813000000000,0.001010360200,14.533551000000,192617.290000000000,2584201.500000000000,0.000585640440,0.638502270000,3.834476900000,0.00001049155900
47.000000000000,10626.927000000000,0.001010798000,13.854365000000,196798.480000000000,2585976.600000000000,0.000575523110,0.639737020000,3.761159100000,0.00001052259800
48.000000000000,11177.506000000000,0.001011243200,13.211531000000,200979.910000000000,2587749.400000000000,0.000565689340,0.640954120000,3.690083800000,0.00001055373700
49.000000000000,11752.399000000000,0.001011695500,12.602879000000,205161.610000000000,2589520.100000000000,0.000556128480,0.642153740000,3.621161000000,0.00001058497400
50.000000000000,12352.479000000000,0.001012155100,12.026380000000,209343.600000000000,2591288.600000000000,0.000546830350,0.643336050000,3.554305300000,0.00001061630700
51.000000000000,12978.641000000000,0.001012621800,11.480137000000,213525.890000000000,2593054.700000000000,0.000537785270,0.644501200000,3.489435500000,0.00001064773500
52.000000000000,13631.804000000000,0.001013095600,10.962376000000,217708.500000000000,2594818.500000000000,0.000528984020,0.645649350000,3.426474600000,0.00001067925500
53.000000000000,14312.910000000000,0.001013576400,10.471438000000,221891.440000000000,2596579.900000000000,0.000520417790,0.646780640000,3.365349100000,0.00001071086600
54.000000000000,15022.926000000000,0.001014064200,10.005769000000,226074.740000000000,2598338.800000000000,0.000512078170,0.647895220000,3.305989100000,0.00001074256600
55.000000000000,15762.843000000000,0.001014558900,9.563914300000,230258.400000000000,2600095.300000000000,0.000503957150,0.648993220000,3.248328300000,0.00001077435200
56.000000000000,16533.677000000000,0.001015060400,9.144510700000,234442.440000000000,2601849.200000000000,0.000496047060,0.650074770000,3.192303300000,0.00001080622400
57.000000000000,17336.469000000000,0.001015568800,8.746281400000,238626.890000000000,2603600.500000000000,0.000488340590,0.651140000000,3.137853700000,0.00001083817900
58.000000000000,18172.285000000000,0.001016084000,8.368029300000,242811.750000000000,2605349.100000000000,0.000480830720,0.652189030000,3.084922000000,0.00001087021500
59.000000000000,19042.216000000000,0.001016605800,8.008631400000,246997.040000000000,2607095.000000000000,0.000473510770,0.653221980000,3.033453200000,0.00001090233100
60.000000000000,19947.383000000000,0.001017134400,7.667034500000,251182.770000000000,2608838.200000000000,0.000466374320,0.654238960000,2.983394900000,0.00001093452600
61.000000000000,20888.928000000000,0.001017669600,7.342250000000,255368.970000000000,2610578.500000000000,0.000459415250,0.655240090000,2.934697100000,0.00001096679600
62.000000000000,21868.023000000000,0.001018211400,7.033349500000,259555.640000000000,2612315.900000000000,0.000452627670,0.656225460000,2.887311900000,0.00001099914200
63.000000000000,22885.867000000000,0.001018759800,6.739461400000,263742.800000000000,2614050.400000000000,0.000446005950,0.657195190000,2.841193700000,0.00001103156000
64.000000000000,23943.684000000000,0.001019314700,6.459766500000,267930.470000000000,2615781.900000000000,0.000439544700,0.658149380000,2.796298600000,0.00001106405000
65.000000000000,25042.730000000000,0.001019876100,6.193495100000,272118.660000000000,2617510.400000000000,0.000433238750,0.659088110000,2.752584900000,0.00001109661000
66.000000000000,26184.283000000000,0.001020444000,5.939923100000,276307.390000000000,2619235.700000000000,0.000427083130,0.660011500000,2.710012600000,0.00001112923800
67.000000000000,27369.654000000000,0.001021018400,5.698369900000,280496.670000000000,2620957.900000000000,0.000421073070,0.660919630000,2.668543300000,0.00001116193300
68.000000000000,28600.182000000000,0.001021599100,5.468194900000,284686.520000000000,2622676.800000000000,0.000415204000,0.661812590000,2.628140200000,0.00001119469300
69.000000000000,29877.231000000000,0.001022186300,5.248795000000,288876.960000000000,2624392.500000000000,0.000409471520,0.662690470000,2.588768300000,0.00001122751700
70.000000000000,31202.199000000000,0.001022779800,5.039602700000,293068.000000000000,2626104.800000000000,0.000403871420,0.663553370000,2.550393700000,0.00001126040200
71.000000000000,32576.509000000000,0.001023379600,4.840083300000,297259.660000000000,2627813.600000000000,0.000398399640,0.664401350000,2.512984200000,0.00001129334900
72.000000000000,34001.618000000000,0.001023985700,4.649733000000,301451.950000000000,2629519.000000000000,0.000393052280,0.665234510000,2.476508600000,0.00001132635500
73.000000000000,35479.010000000000,0.001024598200,4.468077100000,305644.890000000000,2631220.900000000000,0.000387825580,0.666052930000,2.440937200000,0.00001135941900
74.000000000000,37010.199000000000,0.001025216900,4.294667800000,309838.500000000000,2632919.200000000000,0.000382715930,0.666856680000,2.406241400000,0.00001139253900
75.000000000000,38596.731000000000,0.001025841800,4.129083100000,314032.800000000000,2634613.800000000000,0.000377719870,0.667645850000,2.372393700000,0.00001142571400
76.000000000000,40240.182000000000,0.001026473000,3.970924700000,318227.790000000000,2636304.600000000000,0.000372834050,0.668420500000,2.339367600000,0.00001145894300
77.000000000000,41942.159000000000,0.001027110400,3.819816700000,322423.510000000000,2637991.700000000000,0.000368055240,0.669180730000,2.307138000000,0.00001149222400
78.000000000000,43704.300000000000,0.001027754000,3.675404300000,326619.960000000000,2639674.900000000000,0.000363380340,0.669926590000,2.275680200000,0.00001152555500
79.000000000000,45528.275000000000,0.001028403800,3.537352300000,330817.170000000000,2641354.200000000000,0.000358806360,0.670658170000,2.244971000000,0.00001155893700
80.000000000000,47415.784000000000,0.001029059800,3.405344400000,335015.150000000000,2643029.600000000000,0.000354330420,0.671375530000,2.214987700000,0.00001159236700
81.000000000000,49368.562000000000,0.001029721900,3.279081400000,339213.930000000000,2644700.800000000000,0.000349949730,0.672078740000,2.185708500000,0.00001162584300
82.000000000000,51388.373000000000,0.001030390200,3.158280500000,343413.510000000000,2646367.900000000000,0.000345661630,0.672767880000,2.157112600000,0.00001165936600
83.000000000000,53477.014000000000,0.001031064600,3.042674600000,347613.920000000000,2648030.900000000000,0.000341463510,0.673443010000,2.129179900000,0.00001169293300
84.000000000000,55636.318000000000,0.001031745100,2.932010800000,351815.180000000000,2649689.500000000000,0.000337352880,0.674104200000,2.101890800000,0.00001172654300
85.000000000000,57868.145000000000,0.001032431800,2.826049900000,356017.310000000000,2651343.900000000000,0.000333327330,0.674751520000,2.075226800000,0.00001176019500
86.000000000000,60174.393000000000,0.001033124600,2.724565600000,360220.330000000000,2652993.800000000000,0.000329384530,0.675385030000,2.049169800000,0.00001179388800
87.000000000000,62556.991000000000,0.001033823500,2.627343700000,364424.260000000000,2654639.300000000000,0.000325522240,0.676004800000,2.023702500000,0.00001182762100
88.000000000000,65017.901000000000,0.001034528400,2.534181300000,368629.110000000000,2656280.300000000000,0.000321738280,0.676610890000,1.998808100000,0.00001186139200
89.000000000000,67559.120000000000,0.001035239500,2.444886100000,372834.920000000000,2657916.600000000000,0.000318030550,0.677203370000,1.974470300000,0.00001189520000
90.000000000000,70182.678000000000,0.001035956700,2.359276100000,377041.690000000000,2659548.200000000000,0.000314397020,0.677782300000,1.950673700000,0.00001192904400
91.000000000000,72890.638000000000,0.001036680000,2.277178800000,381249.450000000000,2661175.100000000000,0.000310835730,0.678347740000,1.927403200000,0.00001196292400
92.000000000000,75685.099000000000,0.001037409300,2.198430500000,385458.230000000000,2662797.200000000000,0.000307344780,0.678899760000,1.904644200000,0.00001199683700
93.000000000000,78568.194000000000,0.001038144800,2.122876100000,389668.040000000000,2664414.400000000000,0.000303922330,0.679438410000,1.882382700000,0.00001203078300
94.000000000000,81542.088000000000,0.001038886300,2.050368500000,393878.910000000000,2666026.600000000000,0.000300566610,0.679963760000,1.860605200000,0.00001206476000
95.000000000000,84608.985000000000,0.001039634000,1.980768100000,398090.860000000000,2667633.700000000000,0.000297275900,0.680475860000,1.839298500000,0.00001209876900
96.000000000000,87771.120000000000,0.001040387700,1.913942400000,402303.900000000000,2669235.800000000000,0.000294048540,0.680974780000,1.818450100000,0.00001213280700
97.000000000000,91030.764000000000,0.001041147500,1.849765600000,406518.070000000000,2670832.600000000000,0.000290882900,0.681460580000,1.798047600000,0.00001216687300
98.000000000000,94390.224000000000,0.001041913400,1.788118200000,410733.390000000000,2672424.200000000000,0.000287777440,0.681933310000,1.778079200000,0.00001220096700
99.000000000000,97851.842000000000,0.001042685500,1.728886700000,414949.880000000000,2674010.400000000000,0.000284730630,0.682393030000,1.758533600000,0.00001223508800
100.000000000000,101417.990000000000,0.001043463600,1.671963500000,419167.570000000000,2675591.200000000000,0.000281741020,0.682839810000,1.739399600000,0.00001226923400
101.000000000000,105091.090000000000,0.001044247900,1.617246100000,423386.470000000000,2677166.500000000000,0.000278807170,0.683273690000,1.720666500000,0.00001230340500
102.000000000000,108873.590000000000,0.001045038200,1.564637000000,427606.610000000000,2678736.200000000000,0.000275927720,0.683694740000,1.702324000000,0.00001233760000
103.000000000000,112767.960000000000,0.001045834700,1.514043800000,431828.020000000000,2680300.300000000000,0.000273101330,0.684103010000,1.684362100000,0.00001237181700
104.000000000000,116776.730000000000,0.001046637400,1.465378300000,436050.730000000000,2681858.700000000000,0.000270326710,0.684498560000,1.666771000000,0.00001240605600
105.000000000000,120902.450000000000,0.001047446200,1.418556800000,440274.750000000000,2683411.200000000000,0.000267602590,0.684881450000,1.649541400000,0.00001244031600
106.000000000000,125147.720000000000,0.001048261100,1.373499600000,444500.110000000000,2684957.800000000000,0.000264927770,0.685251720000,1.632664100000,0.00001247459500
107.000000000000,129515.160000000000,0.001049082200,1.330130800000,448726.840000000000,2686498.500000000000,0.000262301060,0.685609440000,1.616130400000,0.00001250889400
108.000000000000,134007.440000000000,0.001049909500,1.288378100000,452954.970000000000,2688033.100000000000,0.000259721300,0.685954670000,1.599931600000,0.00001254321100
109.000000000000,138627.250000000000,0.001050743000,1.248172800000,457184.520000000000,2689561.600000000000,0.000257187400,0.686287440000,1.584059600000,0.00001257754600
110.000000000000,143377.340000000000,0.001051582700,1.209449400000,461415.510000000000,2691083.900000000000,0.000254698270,0.686607830000,1.568506200000,0.00001261189700
111.000000000000,148260.470000000000,0.001052428700,1.172145400000,465647.970000000000,2692600.000000000000,0.000252252850,0.686915880000,1.553263800000,0.00001264626400
112.000000000000,153279.460000000000,0.001053280800,1.136201400000,469881.940000000000,2694109.600000000000,0.000249850130,0.687211650000,1.538324800000,0.00001268064600
113.000000000000,158437.150000000000,0.001054139200,1.101560600000,474117.440000000000,2695612.800000000000,0.000247489120,0.687495180000,1.523681800000,0.00001271504200
114.000000000000,163736.430000000000,0.001055003900,1.068169100000,478354.480000000000,2697109.500000000000,0.000245168860,0.687766540000,1.509327800000,0.00001274945100
115.000000000000,169180.210000000000,0.001055874800,1.035975100000,482593.120000000000,2698599.600000000000,0.000242888400,0.688025780000,1.495255900000,0.00001278387300
116.000000000000,174771.450000000000,0.001056752100,1.004929700000,486833.360000000000,2700082.900000000000,0.000240646850,0.688272940000,1.481459500000,0.00001281830700
117.000000000000,180513.140000000000,0.001057635600,0.974985730000,491075.240000000000,2701559.500000000000,0.000238443320,0.688508080000,1.467931900000,0.00001285275200
118.000000000000,186408.320000000000,0.001058525500,0.946098570000,495318.790000000000,2703029.300000000000,0.000236276940,0.688731250000,1.454667100000,0.00001288720800
119.000000000000,192460.040000000000,0.001059421800,0.918225440000,499564.040000000000,2704492.100000000000,0.000234146890,0.688942510000,1.441658800000,0.00001292167400
120.000000000000,198671.420000000000,0.001060324400,0.891325520000,503811.020000000000,2705947.800000000000,0.000232052350,0.689141900000,1.428901100000,0.00001295614800
121.000000000000,205045.600000000000,0.001061233500,0.865359850000,508059.750000000000,2707396.500000000000,0.000229992530,0.689329470000,1.416388300000,0.00001299063100
122.000000000000,211585.750000000000,0.001062148900,0.840291200000,512310.260000000000,2708838.000000000000,0.000227966670,0.689505280000,1.404114800000,0.00001302512200
123.000000000000,218295.080000000000,0.001063070800,0.816084020000,516562.590000000000,2710272.200000000000,0.000225974010,0.689669370000,1.392075200000,0.00001305962000
124.000000000000,225176.850000000000,0.001063999200,0.792704330000,520816.760000000000,2711699.100000000000,0.000224013830,0.689821790000,1.380264200000,0.00001309412400
125.000000000000,232234.350000000000,0.001064934100,0.770119630000,525072.810000000000,2713118.500000000000,0.000222085410,0.689962600000,1.368676700000,0.00001312863500
126.000000000000,239470.900000000000,0.001065875400,0.748298870000,529330.770000000000,2714530.400000000000,0.000220188080,0.690091840000,1.357307700000,0.00001316315000
127.000000000000,246889.870000000000,0.001066823400,0.727212370000,533590.660000000000,2715934.700000000000,0.000218321150,0.690209560000,1.346152300000,0.00001319767100
128.000000000000,254494.650000000000,0.001067777800,0.706831730000,537852.520000000000,2717331.300000000000,0.000216483980,0.690315810000,1.335205900000,0.00001323219600
129.000000000000,262288.680000000000,0.001068738900,0.687129770000,542116.380000000000,2718720.200000000000,0.000214675930,0.690410640000,1.324464000000,0.00001326672500
130.000000000000,270275.440000000000,0.001069706600,0.668080500000,546382.270000000000,2720101.100000000000,0.000212896370,0.690494100000,1.313922000000,0.00001330125600
131.000000000000,278458.440000000000,0.001070681000,0.649659040000,550650.230000000000,2721474.200000000000,0.000211144700,0.690566220000,1.303575600000,0.00001333579100
132.000000000000,286841.210000000000,0.001071662000,0.631841580000,554920.280000000000,2722839.200000000000,0.000209420340,0.690627070000,1.293420700000,0.00001337032800
133.000000000000,295427.360000000000,0.001072649700,0.614605320000,559192.460000000000,2724196.000000000000,0.000207722710,0.690676680000,1.283453100000,0.00001340486600
134.000000000000,304220.490000000000,0.001073644200,0.597928430000,563466.800000000000,2725544.700000000000,0.000206051260,0.690715100000,1.273669000000,0.00001343940600
135.000000000000,313224.270000000000,0.001074645500,0.581789980000,567743.330000000000,2726885.100000000000,0.000204405430,0.690742390000,1.264064300000,0.00001347394700
136.000000000000,322442.390000000000,0.001075653500,0.566169960000,572022.100000000000,2728217.200000000000,0.000202784690,0.690758570000,1.254635500000,0.00001350848800
137.000000000000,331878.590000000000,0.001076668400,0.551049160000,576303.120000000000,2729540.700000000000,0.000201188540,0.690763710000,1.245378700000,0.00001354302900
138.000000000000,341536.630000000000,0.001077690200,0.536409170000,580586.440000000000,2730855.800000000000,0.000199616460,0.690757840000,1.236290500000,0.00001357757000
139.000000000000,351420.320000000000,0.001078718900,0.522232380000,584872.080000000000,2732162.200000000000,0.000198067960,0.690741010000,1.227367300000,0.00001361211000
140.000000000000,361533.500000000000,0.001079754500,0.508501860000,589160.090000000000,2733459.900000000000,0.000196542550,0.690713270000,1.218605900000,0.00001364664900
141.000000000000,371880.050000000000,0.001080797200,0.495201400000,593450.500000000000,2734748.800000000000,0.000195039790,0.690674650000,1.210002900000,0.00001368118600
142.000000000000,382463.890000000000,0.001081846800,0.482315460000,597743.340000000000,2736028.800000000000,0.000193559200,0.690625200000,1.201555100000,0.00001371572200
143.000000000000,393288.960000000000,0.001082903500,0.469829110000,602038.650000000000,2737299.800000000000,0.000192100330,0.690564960000,1.193259400000,0.00001375025600
144.000000000000,404359.260000000000,0.001083967200,0.457728030000,606336.470000000000,2738561.800000000000,0.000190662770,0.690493990000,1.185112800000,0.00001378478700
145.000000000000,415678.810000000000,0.001085038200,0.445998490000,610636.820000000000,2739814.600000000000,0.000189246070,0.690412310000,1.177112400000,0.00001381931600
146.000000000000,427251.670000000000,0.001086116300,0.434627310000,614939.750000000000,2741058.200000000000,0.000187849820,0.690319970000,1.169255200000,0.00001385384300
147.000000000000,439081.940000000000,0.001087201600,0.423601820000,619245.290000000000,2742292.500000000000,0.000186473630,0.690217020000,1.161538500000,0.00001388836600
148.000000000000,451173.750000000000,0.001088294100,0.412909870000,623553.480000000000,2743517.400000000000,0.000185117100,0.690103490000,1.153959500000,0.00001392288500
149.000000000000,463531.280000000000,0.001089394000,0.402539780000,627864.350000000000,2744732.800000000000,0.000183779830,0.689979420000,1.146515700000,0.00001395740200
150.000000000000,476158.720000000000,0.001090501200,0.392480350000,632177.950000000000,2745938.600000000000,0.000182461460,0.689844870000,1.139204300000,0.00001399191400
151.000000000000,489060.330000000000,0.001091615800,0.382720790000,636494.310000000000,2747134.800000000000,0.000181161610,0.689699850000,1.132022900000,0.00001402642300
152.000000000000,502240.380000000000,0.001092737900,0.373250760000,640813.470000000000,2748321.200000000000,0.000179879930,0.689544430000,1.124969000000,0.00001406092800
153.000000000000,515703.180000000000,0.001093867400,0.364060300000,645135.470000000000,2749497.700000000000,0.000178616070,0.689378620000,1.118040200000,0.00001409542900
154.000000000000,529453.080000000000,0.001095004500,0.355139860000,649460.340000000000,2750664.400000000000,0.000177369680,0.689202490000,1.111234200000,0.00001412992600
155.000000000000,543494.470000000000,0.001096149100,0.346480240000,653788.130000000000,2751821.000000000000,0.000176140420,0.689016050000,1.104548800000,0.00001416441800
156.000000000000,557831.770000000000,0.001097301400,0.338072590000,658118.870000000000,2752967.500000000000,0.000174927980,0.688819360000,1.097981600000,0.00001419890700
157.000000000000,572469.440000000000,0.001098461400,0.329908430000,662452.600000000000,2754103.800000000000,0.000173732030,0.688612440000,1.091530600000,0.00001423339000
158.000000000000,587411.970000000000,0.001099629100,0.321979550000,666789.360000000000,2755229.900000000000,0.000172552250,0.688395340000,1.085193700000,0.00001426787000
159.000000000000,602663.880000000000,0.001100804500,0.314278110000,671129.200000000000,2756345.600000000000,0.000171388350,0.688168090000,1.078968700000,0.00001430234500
160.000000000000,618229.740000000000,0.001101987900,0.306796520000,675472.160000000000,2757450.800000000000,0.000170240020,0.687930740000,1.072853800000,0.00001433681500
161.000000000000,634114.140000000000,0.001103179100,0.299527500000,679818.270000000000,2758545.400000000000,0.000169106970,0.687683300000,1.066846900000,0.00001437128100
162.000000000000,650321.730000000000,0.001104378300,0.292464030000,684167.570000000000,2759629.500000000000,0.000167988910,0.687425830000,1.060946100000,0.00001440574300
163.000000000000,666857.160000000000,0.001105585400,0.285599370000,688520.110000000000,2760702.800000000000,0.000166885570,0.687158360000,1.055149600000,0.00001444020100
164.000000000000,683725.140000000000,0.001106800700,0.278927010000,692875.930000000000,2761765.200000000000,0.000165796670,0.686880920000,1.049455600000,0.00001447465400
165.000000000000,700930.420000000000,0.001108024000,0.272440690000,697235.080000000000,2762816.800000000000,0.000164721950,0.686593540000,1.043862300000,0.00001450910400
166.000000000000,718477.750000000000,0.001109255600,0.266134370000,701597.590000000000,2763857.400000000000,0.000163661140,0.686296270000,1.038368000000,0.00001454354900
167.000000000000,736371.950000000000,0.001110495400,0.260002260000,705963.510000000000,2764886.900000000000,0.000162613990,0.685989130000,1.032971000000,0.00001457799100
168.000000000000,754617.860000000000,0.001111743500,0.254038750000,710332.880000000000,2765905.200000000000,0.000161580240,0.685672150000,1.027669700000,0.00001461242900
169.000000000000,773220.360000000000,0.001113000000,0.248238440000,714705.740000000000,2766912.200000000000,0.000160559660,0.685345380000,1.022462600000,0.00001464686400
170.000000000000,792184.360000000000,0.001114264900,0.242596140000,719082.150000000000,2767907.900000000000,0.000159551990,0.685008840000,1.017347900000,0.00001468129600
171.000000000000,811514.800000000000,0.001115538300,0.237106840000,723462.140000000000,2768892.100000000000,0.000158557020,0.684662560000,1.012324300000,0.00001471572500
172.000000000000,831216.660000000000,0.001116820300,0.231765710000,727845.760000000000,2769864.700000000000,0.000157574500,0.684306580000,1.007390300000,0.00001475015100
173.000000000000,851294.950000000000,0.001118110900,0.226568080000,732233.050000000000,2770825.700000000000,0.000156604220,0.683940920000,1.002544400000,0.00001478457400
174.000000000000,871754.730000000000,0.001119410200,0.221509470000,736624.070000000000,2771774.900000000000,0.000155645950,0.683565630000,0.997785150000,0.00001481899600
175.000000000000,892601.070000000000,0.001120718300,0.216585540000,741018.850000000000,2772712.400000000000,0.000154699470,0.683180720000,0.993111270000,0.00001485341600
176.000000000000,913839.090000000000,0.001122035300,0.211792110000,745417.460000000000,2773637.800000000000,0.000153764580,0.682786220000,0.988521390000,0.00001488783400
177.000000000000,935473.940000000000,0.001123361200,0.207125140000,749819.920000000000,2774551.300000000000,0.000152841070,0.682382180000,0.984014220000,0.00001492225100
178.000000000000,957510.800000000000,0.001124696100,0.202580750000,754226.290000000000,2775452.600000000000,0.000151928730,0.681968610000,0.979588470000,0.00001495666800
179.000000000000,979954.890000000000,0.001126040000,0.198155180000,758636.630000000000,2776341.700000000000,0.000151027370,0.681545540000,0.975242920000,0.00001499108500
180.000000000000,1002811.400000000000,0.001127393100,0.193844800000,763050.970000000000,2777218.500000000000,0.000150136790,0.681113010000,0.970976360000,0.00001502550100
181.000000000000,1026085.800000000000,0.001128755500,0.189646110000,767469.370000000000,2778082.900000000000,0.000149256810,0.680671030000,0.966787600000,0.00001505991900
182.000000000000,1049783.200000000000,0.001130127100,0.185555740000,771891.870000000000,2778934.700000000000,0.000148387230,0.680219640000,0.962675510000,0.00001509433700
183.000000000000,1073909.000000000000,0.001131508200,0.181570410000,776318.530000000000,2779774.000000000000,0.000147527880,0.679758860000,0.958638950000,0.00001512875700
184.000000000000,1098468.600000000000,0.001132898700,0.177686980000,780749.410000000000,2780600.500000000000,0.000146678560,0.679288730000,0.954676860000,0.00001516318000
185.000000000000,1123467.400000000000,0.001134298800,0.173902400000,785184.540000000000,2781414.200000000000,0.000145839120,0.678809250000,0.950788150000,0.00001519760500
186.000000000000,1148911.000000000000,0.001135708500,0.170213730000,789623.980000000000,2782214.900000000000,0.000145009360,0.678320470000,0.946971790000,0.00001523203400
187.000000000000,1174804.600000000000,0.001137128000,0.166618130000,794067.790000000000,2783002.700000000000,0.000144189140,0.677822400000,0.943226780000,0.00001526646700
188.000000000000,1201153.900000000000,0.001138557300,0.163112850000,798516.010000000000,2783777.300000000000,0.000143378270,0.677315070000,0.939552130000,0.00001530090400
189.000000000000,1227964.500000000000,0.001139996500,0.159695230000,802968.710000000000,2784538.600000000000,0.000142576600,0.676798500000,0.935946890000,0.00001533534700
190.000000000000,1255241.800000000000,0.001141445800,0.156362720000,807425.930000000000,2785286.700000000000,0.000141783970,0.676272720000,0.932410110000,0.00001536979500
191.000000000000,1282991.600000000000,0.001142905100,0.153112830000,811887.730000000000,2786021.300000000000,0.000141000220,0.675737750000,0.928940900000,0.00001540425100
192.000000000000,1311219.300000000000,0.001144374600,0.149943150000,816354.170000000000,2786742.300000000000,0.000140225200,0.675193600000,0.925538360000,0.00001543871400
193.000000000000,1339930.800000000000,0.001145854500,0.146851380000,820825.300000000000,2787449.600000000000,0.000139458760,0.674640310000,0.922201640000,0.00001547318500
194.000000000000,1369131.800000000000,0.001147344700,0.143835270000,825301.180000000000,2788143.200000000000,0.000138700750,0.674077900000,0.918929900000,0.00001550766600
195.000000000000,1398827.900000000000,0.001148845500,0.140892650000,829781.870000000000,2788822.900000000000,0.000137951020,0.673506380000,0.915722320000,0.00001554215600
196.000000000000,1429024.900000000000,0.001150356800,0.138021410000,834267.420000000000,2789488.600000000000,0.000137209430,0.672925770000,0.912578100000,0.00001557665800
197.000000000000,1459728.700000000000,0.001151878900,0.135219540000,838757.890000000000,2790140.200000000000,0.000136475850,0.672336100000,0.909496480000,0.00001561117100
198.000000000000,1490945.100000000000,0.001153411800,0.132485050000,843253.350000000000,2790777.600000000000,0.000135750140,0.671737380000,0.906476700000,0.00001564569600
199.000000000000,1522680.000000000000,0.001154955600,0.129816060000,847753.850000000000,2791400.700000000000,0.000135032150,0.671129640000,0.903518030000,0.00001568023600
200.000000000000,1554939.200000000000,0.001156510400,0.127210730000,852259.450000000000,2792009.200000000000,0.000134321770,0.670512890000,0.900619760000,0.00001571479000
201.000000000000,1587728.700000000000,0.001158076500,0.124667260000,856770.220000000000,2792603.300000000000,0.000133618860,0.669887150000,0.897781210000,0.00001574935900
202.000000000000,1621054.500000000000,0.001159653700,0.122183930000,861286.220000000000,2793182.600000000000,0.000132923290,0.669252440000,0.895001700000,0.00001578394600
203.000000000000,1654922.500000000000,0.001161242400,0.119759070000,865807.510000000000,2793747.100000000000,0.000132234930,0.668608770000,0.892280590000,0.00001581855000
204.000000000000,1689338.900000000000,0.001162842600,0.117391070000,870334.150000000000,2794296.600000000000,0.000131553680,0.667956160000,0.889617230000,0.00001585317300
205.000000000000,1724309.500000000000,0.001164454400,0.115078360000,874866.220000000000,2794831.200000000000,0.000130879390,0.667294620000,0.887011030000,0.00001588781600
206.000000000000,1759840.600000000000,0.001166078000,0.112819420000,879403.770000000000,2795350.500000000000,0.000130211960,0.666624180000,0.884461380000,0.00001592248100
207.000000000000,1795938.300000000000,0.001167713500,0.110612780000,883946.870000000000,2795854.500000000000,0.000129551270,0.665944850000,0.881967720000,0.00001595716800
208.000000000000,1832608.700000000000,0.001169361000,0.108457020000,888495.590000000000,2796343.100000000000,0.000128897210,0.665256630000,0.879529480000,0.00001599187800
209.000000000000,1869858.000000000000,0.001171020600,0.106350750000,893050.000000000000,2796816.100000000000,0.000128249650,0.664559550000,0.877146130000,0.00001602661400
210.000000000000,1907692.400000000000,0.001172692500,0.104292640000,897610.170000000000,2797273.400000000000,0.000127608500,0.663853620000,0.874817150000,0.00001606137700
211.000000000000,1946118.200000000000,0.001174376800,0.102281390000,902176.160000000000,2797714.900000000000,0.000126973640,0.663138840000,0.872542030000,0.00001609616700
212.000000000000,1985141.700000000000,0.001176073700,0.100315750000,906748.050000000000,2798140.500000000000,0.000126344970,0.662415240000,0.870320290000,0.00001613098700
213.000000000000,2024769.100000000000,0.001177783300,0.098394490000,911325.910000000000,2798549.900000000000,0.000125722370,0.661682820000,0.868151460000,0.00001616583700
214.000000000000,2065006.900000000000,0.001179505800,0.096516437000,915909.810000000000,2798943.100000000000,0.000125105760,0.660941590000,0.866035080000,0.00001620071900
215.000000000000,2105861.300000000000,0.001181241300,0.094680443000,920499.830000000000,2799320.000000000000,0.000124495010,0.660191570000,0.863970730000,0.00001623563500
216.000000000000,2147338.900000000000,0.001182989900,0.092885397000,925096.040000000000,2799680.300000000000,0.000123890050,0.659432760000,0.861957990000,0.00001627058700
217.000000000000,2189446.000000000000,0.001184751800,0.091130223000,929698.520000000000,2800024.000000000000,0.000123290760,0.658665180000,0.859996450000,0.00001630557500
218.000000000000,2232189.100000000000,0.001186527100,0.089413874000,934307.350000000000,2800350.800000000000,0.000122697050,0.657888830000,0.858085730000,0.00001634060200
219.000000000000,2275574.800000000000,0.001188316100,0.087735337000,938922.590000000000,2800660.700000000000,0.000122108820,0.657103710000,0.856225460000,0.00001637567000
220.000000000000,2319609.500000000000,0.001190118900,0.086093628000,943544.340000000000,2800953.600000000000,0.000121525990,0.656309850000,0.854415290000,0.00001641078000
221.000000000000,2364299.800000000000,0.001191935700,0.084487792000,948172.670000000000,2801229.100000000000,0.000120948450,0.655507240000,0.852654880000,0.00001644593300
222.000000000000,2409652.400000000000,0.001193766600,0.082916904000,952807.670000000000,2801487.300000000000,0.000120376120,0.654695880000,0.850943920000,0.00001648113200
223.000000000000,2455673.800000000000,0.001195611700,0.081380063000,957449.410000000000,2801727.900000000000,0.000119808910,0.653875800000,0.849282090000,0.00001651637900
224.000000000000,2502370.800000000000,0.001197471400,0.079876398000,962097.980000000000,2801950.800000000000,0.000119246730,0.653046980000,0.847669130000,0.00001655167600
225.000000000000,2549749.900000000000,0.001199345700,0.078405060000,966753.470000000000,2802155.800000000000,0.000118689490,0.652209440000,0.846104740000,0.00001658702400
226.000000000000,2597818.100000000000,0.001201234900,0.076965227000,971415.960000000000,2802342.800000000000,0.000118137110,0.651363170000,0.844588680000,0.00001662242600
227.000000000000,2646581.900000000000,0.001203139100,0.075556101000,976085.540000000000,2802511.600000000000,0.000117589500,0.650508190000,0.843120700000,0.00001665788400
228.000000000000,2696048.200000000000,0.001205058500,0.074176905000,980762.310000000000,2802662.000000000000,0.000117046580,0.649644480000,0.841700600000,0.00001669340000
229.000000000000,2746223.800000000000,0.001206993400,0.072826887000,985446.340000000000,2802793.900000000000,0.000116508280,0.648772070000,0.840328150000,0.00001672897600
230.000000000000,2797115.600000000000,0.001208943900,0.071505314000,990137.740000000000,2802907.100000000000,0.000115974490,0.647890930000,0.839003170000,0.00001676461500
231.000000000000,2848730.500000000000,0.001210910200,0.070211475000,994836.590000000000,2803001.400000000000,0.000115445160,0.647001080000,0.837725480000,0.00001680031800
232.000000000000,2901075.400000000000,0.001212892500,0.068944681000,999542.990000000000,2803076.600000000000,0.000114920200,0.646102520000,0.836494930000,0.00001683608900
233.000000000000,2954157.200000000000,0.001214891200,0.067704260000,1004257.000000000000,2803132.600000000000,0.000114399530,0.645195240000,0.835311370000,0.00001687192900
234.000000000000,3007982.900000000000,0.001216906300,0.066489560000,1008978.800000000000,2803169.200000000000,0.000113883070,0.644279230000,0.834174680000,0.00001690784200
235.000000000000,3062559.700000000000,0.001218938100,0.065299948000,1013708.500000000000,2803186.200000000000,0.000113370760,0.643354510000,0.833084760000,0.00001694382900
236.000000000000,3117894.400000000000,0.001220986800,0.064134807000,1018446.100000000000,2803183.300000000000,0.000112862510,0.642421060000,0.832041510000,0.00001697989400
237.000000000000,3173994.200000000000,0.001223052700,0.062993539000,1023191.700000000000,2803160.500000000000,0.000112358260,0.641478880000,0.831044850000,0.00001701603900
238.000000000000,3230866.300000000000,0.001225136000,0.061875562000,1027945.500000000000,2803117.500000000000,0.000111857930,0.640527960000,0.830094740000,0.00001705226600
239.000000000000,3288517.700000000000,0.001227237000,0.060780310000,1032707.600000000000,2803054.100000000000,0.000111361450,0.639568300000,0.829191120000,0.00001708858000
240.000000000000,3346955.700000000000,0.001229355800,0.059707234000,1037478.000000000000,2802970.100000000000,0.000110868740,0.638599890000,0.828333990000,0.00001712498300
241.000000000000,3406187.500000000000,0.001231492800,0.058655798000,1042256.900000000000,2802865.300000000000,0.000110379750,0.637622720000,0.827523330000,0.00001716147700
242.000000000000,3466220.400000000000,0.001233648200,0.057625481000,1047044.400000000000,2802739.500000000000,0.000109894400,0.636636790000,0.826759160000,0.00001719806600
243.000000000000,3527061.600000000000,0.001235822300,0.056615778000,1051840.700000000000,2802592.500000000000,0.000109412630,0.635642080000,0.826041520000,0.00001723475300
244.000000000000,3588718.500000000000,0.001238015400,0.055626198000,1056645.700000000000,2802424.100000000000,0.000108934360,0.634638580000,0.825370460000,0.00001727154200
245.000000000000,3651198.500000000000,0.001240227700,0.054656260000,1061459.700000000000,2802234.000000000000,0.000108459530,0.633626280000,0.824746040000,0.00001730843500
246.000000000000,3714508.900000000000,0.001242459500,0.053705498000,1066282.700000000000,2802022.000000000000,0.000107988080,0.632605170000,0.824168360000,0.00001734543600
247.000000000000,3778657.200000000000,0.001244711100,0.052773461000,1071115.000000000000,2801788.000000000000,0.000107519930,0.631575240000,0.823637530000,0.00001738254900
248.000000000000,3843650.900000000000,0.001246982900,0.051859707000,1075956.500000000000,2801531.600000000000,0.000107055040,0.630536470000,0.823153690000,0.00001741977700
249.000000000000,3909497.400000000000,0.001249275000,0.050963805000,1080807.500000000000,2801252.600000000000,0.000106593320,0.629488840000,0.822716970000,0.00001745712400
250.000000000000,3976204.300000000000,0.001251587900,0.050085340000,1085668.000000000000,2800950.800000000000,0.000106134730,0.628432350000,0.822327570000,0.00001749459400
251.000000000000,4043779.300000000000,0.001253921900,0.049223903000,1090538.300000000000,2800626.000000000000,0.000105679200,0.627366960000,0.821985660000,0.00001753219000
252.000000000000,4112229.800000000000,0.001256277200,0.048379099000,1095418.400000000000,2800277.800000000000,0.000105226660,0.626292660000,0.821691480000,0.00001756991700
253.000000000000,4181563.700000000000,0.001258654300,0.047550543000,1100308.400000000000,2799906.100000000000,0.000104777060,0.625209430000,0.821445260000,0.00001760777900
254.000000000000,4251788.500000000000,0.001261053500,0.046737859000,1105208.600000000000,2799510.500000000000,0.000104330330,0.624117260000,0.821247270000,0.00001764577900
255.000000000000,4322912.100000000000,0.001263475000,0.045940682000,1110119.000000000000,2799090.900000000000,0.000103886420,0.623016110000,0.821097790000,0.00001768392300
256.000000000000,4394942.100000000000,0.001265919400,0.045158656000,1115039.900000000000,2798646.900000000000,0.000103445270,0.621905960000,0.820997140000,0.00001772221400
257.000000000000,4467886.500000000000,0.001268386900,0.044391435000,1119971.200000000000,2798178.300000000000,0.000103006820,0.620786790000,0.820945650000,0.00001776065800
258.000000000000,4541753.000000000000,0.001270878000,0.043638680000,1124913.300000000000,2797684.700000000000,0.000102571010,0.619658580000,0.820943710000,0.00001779925900
259.000000000000,4616549.600000000000,0.001273393000,0.042900063000,1129866.300000000000,2797166.000000000000,0.000102137780,0.618521280000,0.820991690000,0.00001783802100
260.000000000000,4692284.300000000000,0.001275932300,0.042175263000,1134830.200000000000,2796621.700000000000,0.000101707080,0.617374890000,0.821090020000,0.00001787695100
261.000000000000,4768964.900000000000,0.001278496400,0.041463969000,1139805.400000000000,2796051.700000000000,0.000101278850,0.616219350000,0.821239160000,0.00001791605200
262.000000000000,4846599.500000000000,0.001281085700,0.040765876000,1144791.800000000000,2795455.600000000000,0.000100853030,0.615054650000,0.821439580000,0.00001795533000
263.000000000000,4925196.200000000000,0.001283700500,0.040080688000,1149789.800000000000,2794833.000000000000,0.000100429580,0.613880740000,0.821691790000,0.00001799479100
264.000000000000,5004763.100000000000,0.001286341500,0.039408115000,1154799.500000000000,2794183.800000000000,0.000100008420,0.612697600000,0.821996350000,0.00001803444000
265.000000000000,5085308.300000000000,0.001289008900,0.038747876000,1159821.000000000000,2793507.500000000000,0.000099589511,0.611505180000,0.822353830000,0.00001807428300
266.000000000000,5166840.100000000000,0.001291703300,0.038099697000,1164854.600000000000,2792803.800000000000,0.000099172796,0.610303450000,0.822764840000,0.00001811432600
267.000000000000,5249366.700000000000,0.001294425200,0.037463311000,1169900.400000000000,2792072.400000000000,0.000098758219,0.609092360000,0.823230040000,0.00001815457400
268.000000000000,5332896.300000000000,0.001297175100,0.036838455000,1174958.600000000000,2791312.900000000000,0.000098345728,0.607871880000,0.823750120000,0.00001819503400
269.000000000000,5417437.400000000000,0.001299953400,0.036224876000,1180029.400000000000,2790525.000000000000,0.000097935267,0.606641960000,0.824325790000,0.00001823571200
270.000000000000,5502998.300000000000,0.001302760700,0.035622326000,1185113.000000000000,2789708.300000000000,0.000097526783,0.605402550000,0.824957830000,0.00001827661500
271.000000000000,5589587.500000000000,0.001305597600,0.035030563000,1190209.600000000000,2788862.500000000000,0.000097120224,0.604153600000,0.825647050000,0.00001831775000
272.000000000000,5677213.300000000000,0.001308464500,0.034449351000,1195319.400000000000,2787987.100000000000,0.000096715536,0.602895070000,0.826394310000,0.00001835912300
273.000000000000,5765884.500000000000,0.001311362100,0.033878459000,1200442.600000000000,2787081.800000000000,0.000096312666,0.601626900000,0.827200500000,0.00001840074300
274.000000000000,5855609.400000000000,0.001314291000,0.033317664000,1205579.400000000000,2786146.200000000000,0.000095911562,0.600349040000,0.828066580000,0.00001844261500
275.000000000000,5946396.900000000000,0.001317251700,0.032766745000,1210730.200000000000,2785179.900000000000,0.000095512172,0.599061430000,0.828993550000,0.00001848474900
276.000000000000,6038255.600000000000,0.001320244900,0.032225490000,1215894.900000000000,2784182.400000000000,0.000095114442,0.597764000000,0.829982450000,0.00001852715100
277.000000000000,6131194.200000000000,0.001323271200,0.031693690000,1221074.000000000000,2783153.400000000000,0.000094718320,0.596456710000,0.831034390000,0.00001856983000
278.000000000000,6225221.500000000000,0.001326331300,0.031171141000,1226267.700000000000,2782092.400000000000,0.000094323755,0.595139480000,0.832150550000,0.00001861279400
279.000000000000,6320346.400000000000,0.001329425900,0.030657645000,1231476.200000000000,2780999.000000000000,0.000093930694,0.593812250000,0.833332150000,0.00001865605300
280.000000000000,6416577.800000000000,0.001332555600,0.030153008000,1236699.600000000000,2779872.600000000000,0.000093539085,0.592474940000,0.834580470000,0.00001869961400
281.000000000000,6513924.700000000000,0.001335721200,0.029657040000,1241938.500000000000,2778712.900000000000,0.000093148876,0.591127490000,0.835896880000,0.00001874348700
282.000000000000,6612396.100000000000,0.001338923500,0.029169556000,1247192.800000000000,2777519.300000000000,0.000092760015,0.589769820000,0.837282790000,0.00001878768200
283.000000000000,6712001.200000000000,0.001342163100,0.028690377000,1252463.000000000000,2776291.400000000000,0.000092372450,0.588401840000,0.838739720000,0.00001883220800
284.000000000000,6812749.000000000000,0.001345440900,0.028219325000,1257749.400000000000,2775028.600000000000,0.000091986127,0.587023480000,0.840269230000,0.00001887707600
285.000000000000,6914648.700000000000,0.001348757800,0.027756229000,1263052.100000000000,2773730.400000000000,0.000091600996,0.585634650000,0.841872980000,0.00001892229600
286.000000000000,7017709.800000000000,0.001352114500,0.027300921000,1268371.500000000000,2772396.400000000000,0.000091217004,0.584235260000,0.843552720000,0.00001896787800
287.000000000000,7121941.500000000000,0.001355512000,0.026853237000,1273708.000000000000,2771025.800000000000,0.000090834097,0.582825220000,0.845310280000,0.00001901383500
288.000000000000,7227353.200000000000,0.001358951100,0.026413015000,1279061.700000000000,2769618.300000000000,0.000090452224,0.581404430000,0.847147600000,0.00001906017800
289.000000000000,7333954.500000000000,0.001362432800,0.025980100000,1284433.100000000000,2768173.100000000000,0.000090071330,0.579972790000,0.849066690000,0.00001910691800
290.000000000000,7441754.800000000000,0.001365958000,0.025554338000,1289822.400000000000,2766689.800000000000,0.000089691362,0.578530190000,0.851069700000,0.00001915406900
291.000000000000,7550763.900000000000,0.001369527800,0.025135580000,1295230.000000000000,2765167.600000000000,0.000089312268,0.577076530000,0.853158870000,0.00001920164300
292.000000000000,7660991.500000000000,0.001373143200,0.024723678000,1300656.300000000000,2763606.000000000000,0.000088933993,0.575611690000,0.855336560000,0.00001924965300
293.000000000000,7772447.300000000000,0.001376805200,0.024318491000,1306101.600000000000,2762004.300000000000,0.000088556481,0.574135540000,0.857605280000,0.00001929811400
294.000000000000,7885141.200000000000,0.001380515100,0.023919878000,1311566.300000000000,2760361.900000000000,0.000088179680,0.572647980000,0.859967640000,0.00001934703900
295.000000000000,7999083.100000000000,0.001384273800,0.023527703000,1317050.700000000000,2758678.000000000000,0.000087803533,0.571148860000,0.862426410000,0.00001939644400
296.000000000000,8114283.100000000000,0.001388082700,0.023141831000,1322555.300000000000,2756951.900000000000,0.000087427984,0.569638060000,0.864984500000,0.00001944634300
297.000000000000,8230751.300000000000,0.001391942900,0.022762133000,1328080.500000000000,2755182.900000000000,0.000087052978,0.568115430000,0.867645000000,0.00001949675400
298.000000000000,8348497.900000000000,0.001395855800,0.022388479000,1333626.700000000000,2753370.300000000000,0.000086678457,0.566580830000,0.870411140000,0.00001954769300
299.000000000000,8467533.200000000000,0.001399822600,0.022020746000,1339194.200000000000,2751513.300000000000,0.000086304364,0.565034100000,0.873286340000,0.00001959917600
300.000000000000,8587867.500000000000,0.001403844900,0.021658810000,1344783.700000000000,2749611.000000000000,0.000085930640,0.563475080000,0.876274230000,0.00001965122200
301.000000000000,8709511.300000000000,0.001407923900,0.021302551000,1350395.500000000000,2747662.700000000000,0.000085557227,0.561903610000,0.879378630000,0.00001970385000
302.000000000000,8832475.300000000000,0.001412061300,0.020951853000,1356030.100000000000,2745667.500000000000,0.000085184064,0.560319510000,0.882603570000,0.00001975708000
303.000000000000,8956770.000000000000,0.001416258500,0.020606599000,1361688.000000000000,2743624.500000000000,0.000084811090,0.558722610000,0.885953330000,0.00001981093000
304.000000000000,9082406.300000000000,0.001420517200,0.020266679000,1367369.700000000000,2741532.800000000000,0.000084438245,0.557112710000,0.889432430000,0.00001986542300
305.000000000000,9209395.100000000000,0.001424839100,0.019931981000,1373075.800000000000,2739391.400000000000,0.000084065464,0.555489610000,0.893045680000,0.00001992058100
306.000000000000,9337747.200000000000,0.001429225900,0.019602397000,1378806.800000000000,2737199.400000000000,0.000083692685,0.553853100000,0.896798140000,0.00001997642500
307.000000000000,9467473.900000000000,0.001433679600,0.019277822000,1384563.400000000000,2734955.700000000000,0.000083319842,0.552202980000,0.900695220000,0.00002003298100
308.000000000000,9598586.300000000000,0.001438201900,0.018958152000,1390346.000000000000,2732659.300000000000,0.000082946869,0.550539020000,0.904742630000,0.00002009027400
309.000000000000,9731095.800000000000,0.001442794900,0.018643285000,1396155.300000000000,2730309.100000000000,0.000082573698,0.548860970000,0.908946460000,0.00002014832800
310.000000000000,9865013.800000000000,0.001447460700,0.018333122000,1401992.000000000000,2727904.000000000000,0.000082200259,0.547168590000,0.913313180000,0.00002020717300
311.000000000000,10000352.000000000000,0.001452201500,0.018027565000,1407856.700000000000,2725442.800000000000,0.000081826483,0.545461620000,0.917849690000,0.00002026683500
312.000000000000,10137122.000000000000,0.001457019600,0.017726517000,1413750.100000000000,2722924.200000000000,0.000081452296,0.543739780000,0.922563330000,0.00002032734500
313.000000000000,10275335.000000000000,0.001461917300,0.017429885000,1419672.900000000000,2720347.100000000000,0.000081077624,0.542002800000,0.927461930000,0.00002038873300
314.000000000000,10415005.000000000000,0.001466897100,0.017137576000,1425626.000000000000,2717710.000000000000,0.000080702392,0.540250370000,0.932553880000,0.00002045103400
315.000000000000,10556142.000000000000,0.001471961700,0.016849498000,1431610.000000000000,2715011.700000000000,0.000080326520,0.538482180000,0.937848110000,0.00002051428000
316.000000000000,10698759.000000000000,0.001477113800,0.016565564000,1437625.900000000000,2712250.600000000000,0.000079949928,0.536697900000,0.943354230000,0.00002057850800
317.000000000000,10842868.000000000000,0.001482356400,0.016285685000,1443674.400000000000,2709425.300000000000,0.000079572534,0.534897190000,0.949082520000,0.00002064375600
318.000000000000,10988483.000000000000,0.001487692400,0.016009775000,1449756.500000000000,2706534.300000000000,0.000079194251,0.533079670000,0.955044010000,0.00002071006300
319.000000000000,11135615.000000000000,0.001493125100,0.015737749000,1455873.100000000000,2703575.900000000000,0.000078814992,0.531244970000,0.961250600000,0.00002077747100
320.000000000000,11284278.000000000000,0.001498657700,0.015469522000,1462025.200000000000,2700548.400000000000,0.000078434665,0.529392690000,0.967715060000,0.00002084602300
321.000000000000,11434485.000000000000,0.001504293900,0.015205014000,1468213.800000000000,2697450.100000000000,0.000078053176,0.527522400000,0.974451210000,0.00002091576700
322.000000000000,11586249.000000000000,0.001510037400,0.014944142000,1474440.000000000000,2694279.000000000000,0.000077670427,0.525633650000,0.981473960000,0.00002098675000
323.000000000000,11739584.000000000000,0.001515892200,0.014686827000,1480704.900000000000,2691033.300000000000,0.000077286317,0.523725980000,0.988799480000,0.00002105902400
324.000000000000,11894503.000000000000,0.001521862300,0.014432989000,1487009.700000000000,2687710.900000000000,0.000076900739,0.521798890000,0.996445280000,0.00002113264300
325.000000000000,12051020.000000000000,0.001527952200,0.014182550000,1493355.700000000000,2684309.700000000000,0.000076513585,0.519851860000,1.004430400000,0.00002120766600
326.000000000000,12209149.000000000000,0.001534166600,0.013935434000,1499744.200000000000,2680827.400000000000,0.000076124740,0.517884330000,1.012775700000,0.00002128415100
327.000000000000,12368905.000000000000,0.001540510300,0.013691563000,1506176.500000000000,2677261.600000000000,0.000075734084,0.515895720000,1.021503600000,0.00002136216500
328.000000000000,12530302.000000000000,0.001546988700,0.013450863000,1512654.200000000000,2673609.900000000000,0.000075341492,0.513885410000,1.030639100000,0.00002144177500
329.000000000000,12693354.000000000000,0.001553607400,0.013213258000,1519178.800000000000,2669869.600000000000,0.000074946834,0.511852750000,1.040209300000,0.00002152305300
330.000000000000,12858078.000000000000,0.001560372200,0.012978673000,1525751.900000000000,2666037.900000000000,0.000074549972,0.509797040000,1.050244000000,0.00002160607800
331.000000000000,13024487.000000000000,0.001567289400,0.012747035000,1532375.200000000000,2662112.000000000000,0.000074150763,0.507717540000,1.060776200000,0.00002169093000
332.000000000000,13192598.000000000000,0.001574365900,0.012518270000,1539050.600000000000,2658088.600000000000,0.000073749055,0.505613480000,1.071842100000,0.00002177769800
333.000000000000,13362427.000000000000,0.001581608800,0.012292304000,1545780.000000000000,2653964.600000000000,0.000073344687,0.503484020000,1.083481900000,0.00002186647500
334.000000000000,13533989.000000000000,0.001589025800,0.012069065000,1552565.600000000000,2649736.400000000000,0.000072937491,0.501328280000,1.095740400000,0.00002195736000
335.000000000000,13707301.000000000000,0.001596625200,0.011848478000,1559409.400000000000,2645400.300000000000,0.000072527288,0.499145310000,1.108667100000,0.00002205046200
336.000000000000,13882380.000000000000,0.001604415900,0.011630471000,1566313.800000000000,2640952.300000000000,0.000072113889,0.496934130000,1.122317500000,0.00002214589400
337.000000000000,14059243.000000000000,0.001612407400,0.011414969000,1573281.500000000000,2636388.200000000000,0.000071697091,0.494693650000,1.136753400000,0.00002224378000
338.000000000000,14237908.000000000000,0.001620610000,0.011201898000,1580314.900000000000,2631703.500000000000,0.000071276681,0.492422740000,1.152044300000,0.00002234425200
339.000000000000,14418391.000000000000,0.001629034900,0.010991183000,1587417.000000000000,2626893.300000000000,0.000070852430,0.490120180000,1.168268300000,0.00002244745500
340.000000000000,14600712.000000000000,0.001637693900,0.010782748000,1594591.000000000000,2621952.500000000000,0.000070424091,0.487784660000,1.185513400000,0.00002255354100
341.000000000000,14784890.000000000000,0.001646600300,0.010576516000,1601840.000000000000,2616875.400000000000,0.000069991403,0.485414780000,1.203879000000,0.00002266268000
342.000000000000,14970943.000000000000,0.001655768100,0.010372409000,1609167.700000000000,2611656.000000000000,0.000069554083,0.483009030000,1.223477700000,0.00002277505200
343.000000000000,15158890.000000000000,0.001665212800,0.010170347000,1616578.000000000000,2606287.800000000000,0.000069111826,0.480565800000,1.244437400000,0.00002289085600
344.000000000000,15348753.000000000000,0.001674951300,0.009970247000,1624074.900000000000,2600763.700000000000,0.000068664303,0.478083350000,1.266903700000,0.00002301030700
345.000000000000,15540551.000000000000,0.001685002100,0.009772024800,1631663.200000000000,2595076.100000000000,0.000068211157,0.475559800000,1.291042800000,0.00002313364200
346.000000000000,15734306.000000000000,0.001695385500,0.009575592800,1639347.700000000000,2589216.600000000000,0.000067752000,0.472993130000,1.317044800000,0.00002326111800
347.000000000000,15930039.000000000000,0.001706123900,0.009380860000,1647133.900000000000,2583176.100000000000,0.000067286407,0.470381130000,1.345127900000,0.00002339302100
348.000000000000,16127774.000000000000,0.001717242100,0.009187731600,1655027.600000000000,2576944.500000000000,0.000066813914,0.467721450000,1.375542900000,0.00002352966600
349.000000000000,16327533.000000000000,0.001728767700,0.008996107600,1663035.500000000000,2570510.900000000000,0.000066334011,0.465011480000,1.408579100000,0.00002367139900
350.000000000000,16529340.000000000000,0.001740731400,0.008805882800,1671164.600000000000,2563863.000000000000,0.000065846134,0.462248420000,1.444571000000,0.00002381861000
351.000000000000,16733220.000000000000,0.001753167500,0.008616945100,1679423.200000000000,2556987.300000000000,0.000065349660,0.459429180000,1.483906600000,0.00002397173100
352.000000000000,16939198.000000000000,0.001766114700,0.008429174500,1687820.000000000000,2549868.800000000000,0.000064843892,0.456550410000,1.527037100000,0.00002413124700
353.000000000000,17147301.000000000000,0.001779616700,0.008242441800,1696365.100000000000,2542490.600000000000,0.000064328052,0.453608400000,1.574489300000,0.00002429770500
354.000000000000,17357556.000000000000,0.001793723300,0.008056606400,1705069.900000000000,2534833.700000000000,0.000063801265,0.450599060000,1.626881200000,0.00002447172700
355.000000000000,17569993.000000000000,0.001808491200,0.007871514600,1713947.000000000000,2526876.700000000000,0.000063262539,0.447517870000,1.684940500000,0.00002465401900
356.000000000000,17784641.000000000000,0.001823986000,0.007686996100,1723011.300000000000,2518594.900000000000,0.000062710744,0.444359790000,1.749530600000,0.00002484539500
357.000000000000,18001532.000000000000,0.001840283700,0.007502861000,1732279.500000000000,2509960.500000000000,0.000062144585,0.441119180000,1.821683700000,0.00002504679200
358.000000000000,18220698.000000000000,0.001857472900,0.007318895200,1741771.300000000000,2500940.700000000000,0.000061562560,0.437789710000,1.902648200000,0.00002525930600
359.000000000000,18442174.000000000000,0.001875658500,0.007134854300,1751509.900000000000,2491497.700000000000,0.000060962921,0.434364210000,1.993956700000,0.00002548422100
360.000000000000,18665998.000000000000,0.001894965600,0.006950456300,1761522.500000000000,2481586.900000000000,0.000060343604,0.430834590000,2.097530400000,0.00002572306700
361.000000000000,18892208.000000000000,0.001915544700,0.006765370800,1771842.100000000000,2471155.100000000000,0.000059702151,0.427191650000,2.215845400000,0.00002597767900
362.000000000000,19120845.000000000000,0.001937580400,0.006579205400,1782508.800000000000,2460138.000000000000,0.000059035593,0.423425070000,2.352211100000,0.00002625029200
363.000000000000,19351956.000000000000,0.001961301500,0.006391485700,1793572.300000000000,2448457.000000000000,0.000058340292,0.419523500000,2.511254100000,0.00002654366500
364.000000000000,19585588.000000000000,0.001986997600,0.006201627000,1805095.200000000000,2436014.400000000000,0.000057611711,0.415475170000,2.699786900000,0.00002686127400
365.000000000000,19821795.000000000000,0.002015042500,0.006008892600,1817158.000000000000,2422685.700000000000,0.000056844075,0.411269620000,2.928416900000,0.00002720758000
366.000000000000,20060635.000000000000,0.002045932100,0.005812329200,1829867.200000000000,2408308.900000000000,0.000056029847,0.406902130000,3.214604600000,0.00002758846600
367.000000000000,20302176.000000000000,0.002080345000,0.005610662900,1843366.700000000000,2392666.500000000000,0.000055158886,0.402384570000,3.588678100000,0.00002801192800
368.000000000000,20546491.000000000000,0.002119248300,0.005402123100,1857858.900000000000,2375454.900000000000,0.000054217010,0.397771980000,4.106211100000,0.00002848927800
369.000000000000,20793671.000000000000,0.002164093900,0.005184118700,1873641.300000000000,2356229.600000000000,0.000053183361,0.393231100000,4.875220400000,0.00002903736100
370.000000000000,21043822.000000000000,0.002217223500,0.004952586600,1891180.400000000000,2334293.000000000000,0.000052025081,0.389232110000,6.121377100000,0.00002968308500
371.000000000000,21297084.000000000000,0.002282825900,0.004700487400,1911282.300000000000,2308437.300000000000,0.000050684973,0.387162390000,8.362582900000,0.00003047404600
372.000000000000,21553646.000000000000,0.002369749700,0.004413517500,1935591.800000000000,2276213.800000000000,0.000049046166,0.391819520000,12.966254000000,0.00003150937600
373.000000000000,21813821.000000000000,0.002503862500,0.004052044100,1968784.100000000000,2230855.500000000000,0.000047822171,0.428246940000,25.965453000000,0.00003364466300
